time_step;0;1;2;3;4;5;6;7;8;9;10;11;12;13;14;15;16;17;18;19;20;21;22;23;24;25;26;27;28;29;30;31;32;33;34;35;36;37;38;39;40;41;42;43;44
0;3.52528620708999;11.883968294044955;23.494971297362344;13.181008470354394;31.415443626436783;14.907520383776715;27.444470074111194;32.86583867770211;8.760995349994422;15.078004918425902;21.732812010286697;17.981223049311584;20.25855345183895;14.336642124803975;21.773751858032163;13.942572794422334;18.758901271024246;21.494019154493376;22.740674055734623;17.07941317689445;8.723652571188392;14.06200289085059;12.47561312360343;21.20175249243576;20.46546374125033;6.757697317728314;19.011724154455052;24.028897933760067;15.682295955417638;20.12486616823424;16.350816582394156;13.851902039477734;20.772159653897393;13.928315011133998;11.702739050205443;10.331740818421494;9.148642300833565;17.221280675285612;18.18700074523493;23.146486966502767;14.751944992091943;19.79782510119011;16.253535208290803;23.07612520560954;13.596158928809038
1;2.7203129211073556;9.665726894460873;20.01207550005473;12.43993133656032;29.95855475431875;13.637820785230856;22.797912346032515;30.885251148149333;7.4519975804298255;14.066172626415893;20.003884875104177;17.779849895435202;17.363050170583826;12.842920839287105;17.909425445880206;12.085493302331558;17.014817947067158;19.355651700376963;19.999328569226275;15.211985658984622;8.026720553228092;12.872586122621119;11.115270801833466;18.48125864505106;19.173872721322436;6.223516617535844;17.28646397483022;20.899323511681835;14.77625572672977;18.68775149917818;13.53093840074425;11.981273737184802;17.38886751472518;12.812004688744965;12.028003577207187;9.265616733575195;7.357207606031646;15.97422257552803;17.187375208786136;21.88118569815061;13.464735300012576;17.99399884612713;14.464282737976253;20.155352530378856;13.468798141829849
2;2.3995631367253294;11.91823018816437;17.687120969553458;11.490044970517076;23.537251619785785;12.798094784880709;21.797511235313006;31.127431872687428;7.2515866940386235;13.33863488655628;17.7428762455449;16.394995929938695;17.442968705544423;12.048480275166277;19.71870275862623;17.877536012721013;16.168685946725656;19.196154745301314;18.232500264179414;17.083911508162487;7.200026562303083;12.678167094910089;11.118156585687226;17.1299717538621;17.078921021869746;9.714845712026793;15.499716158191124;19.205396390111414;14.681923758262402;16.73769539352077;12.187789112336493;14.572349955813824;14.55566979513363;14.572320089487413;10.86592570105543;10.071533036985853;6.939422670556156;15.637081252026826;16.399618797041093;18.31468457156555;13.645259509396674;17.12782767112211;14.36027063779427;17.932122634711934;12.685576399701837
3;2.502391033633456;8.90935162722851;17.39394517740664;10.731344348626669;20.86061618578794;12.642190121262125;20.77447924625862;30.665315797910324;6.548152933747298;11.867742637617805;15.66447878109808;15.787953128061009;16.585753593926665;11.50785785725735;16.838800138410512;11.102120475292608;13.008276387687925;16.150788570159623;17.187614465663486;12.146368712559193;7.026603188887136;11.985481984717577;8.880524134878687;15.544446115502044;15.87704944048982;6.438236150668754;15.035462359861809;16.253889146535286;14.533451516131066;15.05687146781723;12.219813423218579;10.53369352506555;13.050036592727166;10.311042005079784;9.927105750724468;7.7605031884015725;5.917703179429725;12.518358697159135;14.838410131513852;18.309668860973353;11.003033452386106;16.780069212908497;13.041282042187415;15.127445654486563;11.876872207579558
4;2.940285543959346;8.04211848369103;18.973137698638073;9.671711909995734;18.621867641233166;11.658474651226731;19.65226264117502;30.9338987317341;6.260565738713747;10.60970493631391;14.47652816186093;14.56143330900359;16.323618667124485;10.869094367897034;15.320227438072026;10.115536776205277;12.210552034953102;15.342833412493286;16.583939509541146;11.929549871046355;5.629165295938251;11.122017373228374;8.562702514812653;14.678658623061795;15.543574922363993;5.409559055371746;14.393577700270313;15.694589521226105;12.443269493175084;13.90449211709221;12.312756569614375;9.255138486103915;13.24090394097373;9.893372071179742;9.437477408587364;8.038763955345836;6.497021004018724;11.991819712728104;13.37235043994491;16.69849781842116;11.238834695349407;14.29374200161558;11.971819701534798;14.166945680845549;10.39514695474795
5;2.159297315963615;7.791635521472099;14.977720161505303;9.217454692481457;17.818981749821532;9.522255508002628;19.56640494369228;30.730126175749366;6.148499734994625;10.609412643327216;13.745131093200987;15.75252392105032;16.90515530928409;10.310212254685142;17.992511603444548;9.873141267046437;11.957666859548441;15.71674539977123;16.670218342563054;13.125197287057166;5.969396313596785;11.514503516589295;8.1181334984032;14.985881323635983;15.044974889414759;5.393752889480688;13.286094557639894;14.48026632206566;12.779650122867414;17.041524971180376;11.402278071199182;10.26698205722499;12.679216363565162;8.995908596684849;8.889703620255148;8.077995704999177;5.093606598644267;11.708511031364512;12.631325938155591;15.779195781414876;9.781002544225249;12.618812510978291;11.84407685599481;14.379173125540687;10.198648999047261
6;2.674826997965795;7.06680020912918;17.228361022330546;9.031175977693929;17.121934739791715;9.14797708347694;20.461393363027636;30.775337299877865;5.914959061758716;10.615679121081465;13.078753538738495;15.488321819873056;17.151452735626602;10.186358388656945;19.133096180218228;9.280352557088415;11.28796905639442;14.195697898630058;15.683776801385296;12.08246801726864;7.042101972098644;11.013923867449625;7.4862757958063515;15.692485162626882;14.316361957249535;5.197319300379287;12.423884606268954;13.586629972192107;12.9635693729722;17.193995499551143;10.619035548875345;10.209456658425824;12.972460894500745;8.86455237982116;8.772415935795303;7.865114584813263;5.740721218121006;11.665998543684388;12.331330058216157;15.710758363512427;10.396850773928065;14.095867866246497;11.26012237166713;13.803469672171301;10.233808368374415
7;2.1542741019293277;6.836554797373361;14.490081216849477;8.577449529690277;15.631618022811208;9.024021794786284;18.25594957095589;30.663657205924576;5.730953912851667;9.457942580885268;12.095421759933938;14.18844002543705;15.672163992650287;9.489148941585213;17.87204483978657;8.809550544604273;10.123279015331715;14.459169281445435;13.6266507330257;11.896069572331388;5.56425403549929;9.896611661764808;7.926952485178035;14.396030749427771;13.535284343309634;4.4203529408029265;12.02018927407756;12.372437832670332;11.974653330351199;15.688593697172355;9.711634938847336;10.056518716772171;12.014721954102074;8.3740488766869;8.548740295796742;7.734326129976981;4.8066248470331265;10.650391224072855;11.437982062855502;14.493579168864049;9.383191407556682;12.331086889060295;11.311224790358525;13.2940070053985;9.604406294170893
8;1.9198369289096386;6.718973778924919;13.670455302736606;9.081010880769304;16.70007136782988;8.83081609387537;16.780910068179907;31.18606509993334;5.776282080474409;9.748162317035227;12.584296987456847;14.382468531731035;15.61441561148072;9.677716252702373;16.57672887553332;9.274143635848056;10.267734104326678;14.21659647029976;13.714981291221568;12.496871116278369;5.524900923122823;10.613313091954454;7.216863508357078;14.92534046368541;14.123129800969433;4.346442870399473;11.892579276156463;13.814120122617663;12.092424306706887;13.817122530783546;9.856550213947157;9.092922460690177;12.145180213520392;8.81248346184203;9.112547097697869;7.725003119357194;4.916544165414255;10.99598703068159;12.411015784935378;14.902976101312504;9.790736653808278;13.16799577459017;11.711031115398498;13.764292734443162;10.951766576355533
9;2.9394853678452786;7.3413205497226635;18.577664543142518;9.198013105236429;15.388439515129857;9.944468212751962;16.76840904611358;32.86850528089144;5.59159043183634;9.21656627556112;12.024491235282833;14.541113420512787;17.863065414223424;8.753264776783789;13.8872092473107;9.077113851557764;9.91619283359843;12.983446356435882;13.11180183616921;12.566110213320092;5.441111196605393;9.559443705198273;7.563304888456951;14.24733803692822;17.104377220540137;4.803434860205099;11.840840787226096;14.051834482632945;11.789113943637606;13.272212045943144;9.660736316148078;8.383183409116523;11.747183843855272;8.991000128237406;9.248918685969942;7.574912348910686;5.69745655563992;12.087262669435535;11.285631423803371;17.013052681729786;10.322933650944515;13.729710322776494;11.096176768921895;13.833362281047837;9.204324853421623
10;2.449906624099242;6.915173537609194;16.19668285509225;9.573884674094643;20.598483107828827;9.324164795569152;16.382507028619298;32.29141985586526;5.956220902867368;10.705969594723149;13.497635546723478;16.07957868837579;16.639625914317865;9.831174576365633;14.493732020884092;9.079483022850054;9.772039870458926;13.040210821443113;12.702069023227097;14.069034602948685;5.791013356341799;10.197814396247407;7.605824281429796;14.672088028100283;16.636308069597007;5.143344218057448;11.412604312097882;14.09331595585913;11.614408446445244;14.156204398359332;9.628241787664809;7.8992715595738545;13.294993201479308;9.528427028565465;9.628539739517317;8.342393673467354;5.288745706814865;12.243875975906283;11.515204663250172;16.986703573190688;9.740013877101529;14.623331597801691;11.39775646196976;15.697162061375542;10.014356404170753
11;2.3259371361976457;7.273174756561413;15.767170994819601;9.862663950373394;18.094326677108054;9.816374177820645;15.74479534727154;31.341749029873593;6.061339209454741;10.61028551536821;11.503129629498991;14.895479728243622;17.244563900436557;9.677916451874175;14.278903956761296;10.015207113818668;9.404061071509506;12.653781787605489;12.90387350477023;12.625103615974448;5.874275301079713;9.807356430261512;7.714904740859181;14.207570094707531;16.28148313928665;5.135066931223664;11.223068623240051;14.116783038239358;11.776976079206888;13.152803925322484;9.671971747469708;8.26774716315545;12.529681231254235;8.866450191714472;9.443384435011893;8.708301715175685;4.729751733166513;11.374928361331097;11.78449231145068;18.271565828362743;9.351893381559236;14.484331348559767;11.095252090532828;14.55463272391884;9.505995575408344
12;2.34282939410198;7.230378580468573;16.077075708414647;9.5555482097627;16.960295930257505;10.199269939949799;16.016429212999853;31.21858660066861;5.877996310896268;10.243364009333883;11.843093871603957;14.590031802097736;16.887936059361937;10.010541464639704;15.03051652122574;10.060646419204215;10.003686471915586;12.748039723776177;13.415231242950762;12.638635228803658;5.741081904235718;9.639196331017724;8.134605163871171;14.997856493669357;17.358288794010374;5.034930527814876;11.754879538413691;14.688472015183384;12.308771322188198;14.244334353591078;10.478148975404496;8.685576505747147;12.852223722891464;8.596770769088815;9.558020894504683;8.137995528561815;5.4572062371570755;12.27504473228195;11.885350289863268;19.6156804083222;9.736242784496635;15.47726394024154;10.636828666107723;14.16850541836159;9.920774329937823
13;3.0386312894003447;10.274983097532907;20.080356220363036;10.622574074668703;18.092376232668816;12.080600164512187;17.909434249269523;32.739694373000084;6.974084560867697;11.446436375311892;14.128209050673554;18.12165312222878;18.268828611047194;10.973276019935012;16.20522623294475;15.412665665693751;11.655828188277985;14.629382818732223;15.441801503426921;15.056548136903164;7.121645370170872;10.716737054298948;7.931011253684132;17.748158080720813;18.61185631050436;8.387226457231366;13.352513491885862;16.975327146932813;13.686423201343118;15.221213943665212;12.22457020313833;12.58092124944396;14.156503576831241;12.580891315448305;9.02016434652725;9.482797022124137;6.501828677190086;15.439482649489012;12.89434776610717;22.704091364188127;12.09592112381011;17.678003753222317;11.440681513050729;15.887465727266239;11.026204835658096
14;3.938766353922068;10.058873660623606;24.904671498068375;13.039415474921743;19.108634420510583;13.357258136873403;23.68999439902885;32.797912860644715;7.907125074819985;14.37441120033178;19.965348000007967;22.042067725986406;20.741783713939096;14.35818589643329;18.056995668421617;12.001590220345374;13.70525971019406;19.783712809035094;23.601865590064406;23.05152039843392;8.68083354686028;12.847731568118913;9.590485025157427;22.69827970256989;20.627488541308793;5.850810057361031;15.570809571093333;21.581187037723634;14.312185118063914;16.947826918971042;12.757263416456805;11.8277568438321;19.62911975188508;12.607995204143188;11.38195611638373;9.45878161660327;9.440704510973067;18.50610906146047;15.727404862735417;25.2400440111519;13.084153928971167;19.663668631357965;14.423720927949077;17.500877320855516;14.778710660542963
15;3.2832248479799175;11.033989855941567;22.794268055779753;14.086395511486833;20.552684059651252;14.810317190029368;27.908882797613227;32.64124845043399;8.15012566815613;16.744933057198466;20.557077030504047;21.622576935906856;21.648805753940007;14.340512372111117;18.73178446419849;12.537272597730858;16.952455718576534;22.89997520722288;24.791393222670795;23.97081753573759;7.898012572370076;15.249857383694504;10.44785833356868;24.732408325197426;23.088841402374438;6.015754552777231;19.290916013188376;25.5808514989123;15.64135791184528;21.74505246858593;17.001604836639896;10.97963555212911;22.367135512938283;13.85342628781285;13.093703240123558;12.05173875345395;8.578826746919267;19.738829927146835;18.39206740862725;27.706544268374472;14.355973506869748;23.35929429605017;15.906948319856246;18.78767317916442;13.247631658895262
16;3.8563879339884517;11.026077343536905;25.92254194779619;14.068124803385777;23.744879801242167;17.08932651315266;31.79230916378329;33.76195816083073;8.693456669862394;16.11852289730862;19.883898961603876;23.9244749188687;23.687585599246066;14.790177140114716;20.33300320819383;14.482093677595065;19.526464593480846;24.682658631058025;26.269062239757552;27.440394862250013;10.629594064186724;17.640073759306695;11.680291111558578;27.96501907191945;21.857803195037686;6.864087903061397;20.785914136949977;25.284567734831008;15.861557599647996;16.888889605914095;18.15380997244655;9.865035146082123;21.625604418178554;14.936173383015566;13.018977627333545;16.091844021477144;8.237516223244661;20.158170943343194;19.82416175034387;27.424865666134146;15.78171974090912;22.626012599873334;20.458585607749804;19.078308921009686;14.166275971856987
17;3.873694954576809;12.960974767547048;26.860246975719814;14.614446221491889;25.156956385659672;19.452638553393207;35.68556973142075;34.55634956095206;9.384260980277121;21.932347824999564;22.12269973753332;26.948678749023507;23.22618147343579;15.850407556586656;24.575525000966785;16.036915328274777;19.086636252146043;27.129751147945434;27.09040373497094;26.667263770029464;10.806435047504468;18.79157823798941;12.011584918814526;27.042092402652262;24.14940842211577;7.224442284196309;21.522415404949214;29.68559612754772;19.478017429163952;20.185625743351817;19.18442674485049;12.124427581731148;22.67883968076949;17.49834663218199;15.077491071663768;16.56583402025356;6.592355728996348;20.702873062870843;24.294095491526253;28.9872937378587;17.449293038310834;26.84154119719385;19.46236394262881;21.62976248680723;15.88579945451761
18;3.7834962681482023;19.1312256080556;26.475499148036146;16.09856207485393;26.377704805797546;23.54315708163638;32.61651485378815;34.84255544658096;9.684238841824417;23.662553418033276;26.701293637385454;21.596540518302053;24.054078146253392;15.662320306111715;28.823000666114883;28.69702802151719;21.35411731827688;25.067367716907707;25.933579130653317;27.185523529173;11.415237152524782;20.101293090864058;11.640618310906598;27.206226993630544;27.24588211025726;9.42880320694352;22.649393142871183;37.21686278518759;17.796752528549884;20.654371885090914;21.2990796330688;14.949271717233378;20.558234504027272;16.422605024186804;15.028624859751321;14.685482543771533;7.511445871231256;21.846655902099403;30.80414041041991;28.242093806794767;18.283744050920127;29.9019597207004;19.240717166740225;26.09728609578033;17.27095749794178
19;3.598818726101833;19.616174646504835;25.889722357920036;16.292863522278093;26.739363691193596;23.21951744826226;33.02821846483757;34.72186776140651;10.734035265325947;25.357500740895983;27.261139678309476;22.886324638715127;23.39317004595979;16.391946331559755;29.543696490845278;29.42445151945443;21.48477828876141;23.769294366350515;24.153272184131907;28.6497428420151;12.942998724143484;20.978995611938377;11.98200367629546;29.071843117128193;28.29837944885672;10.776940886571607;24.54830020480489;35.56942297598169;19.558046463155037;19.936315676268716;20.8468607101645;16.16549207204012;23.406008953608;20.727154243047448;15.519723575517986;11.43665048786797;8.55520546769652;20.098874242714626;31.205136690710976;26.855697488647518;20.29767213140623;29.744816546416793;18.719677262601163;29.246488460803043;15.84171201962104
20;4.155327742678611;13.991831152301208;29.4820944138956;16.410871192178025;31.430878600511285;21.076842386383497;31.459325390141945;34.922650290547196;11.149543931887996;23.24004949791091;27.470519745529852;23.10713089323331;25.0367806530644;17.302065112439568;31.227517402776396;18.656949670155765;18.239344737109736;24.17995801469462;30.582084350168582;25.39598940874297;9.614184142865701;19.70575106006818;14.08039302085542;28.14874262412331;27.206523966542445;8.355400937195927;24.86636303971132;36.896703514121945;19.253433207415;21.556453976361475;19.946340500483682;20.2584946938981;23.380993357355575;18.49680701413564;16.447132366023776;13.229382811358988;7.254121005987832;23.525393827426193;31.153450019482413;26.88077094270436;18.447599432122825;31.311548128491424;18.65380487287033;29.091600352524672;19.28489303649719
21;4.400982996695189;14.041798750626711;31.069162807314743;17.037013671572264;37.78481553114255;20.271487627367907;31.892328203801547;35.19958652580307;11.102804463511768;20.39783706506877;27.474999695894848;25.61912393613424;22.854009962911622;19.88368599345102;27.39696079938585;18.87319597747099;19.950643190180568;24.92361882885473;32.28101563014461;28.550770789856404;9.849629485641618;18.458297668102734;11.349357196070592;31.935976835992825;29.28609684056034;9.668458610632626;25.75376195621469;30.694604257261553;20.522081236364222;23.042847817175474;19.557521464492808;19.78268593024401;24.47598787908356;17.55388145140447;18.68686453405113;14.060135245342517;8.863634865475902;22.278024141102946;28.3552504375835;26.064909887761665;18.751568332634015;28.890441662891668;20.126986828736033;29.7282410051184;19.880589965588648
22;3.981940332813277;11.18595409160828;27.4592709765549;14.265079706439032;32.55389468526064;19.37899998697627;28.921808988002777;35.19267755198633;9.117343303107717;17.13570210850778;26.828330734048716;21.358801298482593;21.540241951228158;17.27922888563393;25.93299025745538;16.504254394486274;16.93549106604755;21.579064065234242;26.346643537759935;23.974573564790035;8.312331932375043;15.857189725113388;10.19073487571055;29.01532650780021;24.108597153100497;8.308977061989117;21.972885942738227;26.628433089224174;18.945330291494813;19.096630883889027;19.04344947975491;17.15073137780017;21.393096180522193;14.25812685796324;16.273866672616442;12.675858110537398;7.707825742299022;20.73950631806354;22.94111421851053;22.551778427663947;17.72955676090079;25.839890771586372;17.936077005827073;25.483006635025575;19.221202147583263
23;5.4073561620530395;11.658836734534841;32.863231693295305;12.79637929423553;30.045916703721925;19.589936878353768;28.93828880458102;35.14907803558192;8.558404153073733;14.656261609358095;25.397296870310825;18.012489235889444;23.6665418538757;17.429112090901782;27.734282847190393;16.497289143381423;17.264959822364524;23.68076965564681;24.09954376439595;19.383771427146154;7.742899336969021;14.788948238656255;8.80423946615021;25.78737996932368;24.687877941633683;7.616950932991018;20.903868264262897;26.52219147128743;21.00086017811807;16.847529219506857;18.735419563514718;13.550685311043342;18.42138452970262;11.072525690346044;14.386304398730617;11.024429082212471;7.9388093992609505;20.03518753934824;21.91016182341964;21.177086401472486;16.57023984079672;25.20903578578982;21.039979637924507;23.969487247894772;19.077902638663957
24;4.763172511727863;12.110048319180128;30.483327038449005;13.390415483867535;30.30018737051544;19.51884915449822;30.072407323255092;35.26870882069268;9.5434077677411;15.698989688802481;23.469851643492305;19.626479350445774;23.292079022863717;18.214273037509003;25.300985635451706;13.361593457580343;19.8087591311714;26.276977929852013;27.429780983868447;19.61655386532412;9.260751776815432;15.711254290148451;9.51652876138372;28.822010759437987;23.91683132992843;7.502165460857306;21.46290265798896;26.90771467060443;21.724895094584983;19.35819088820423;20.016652387595187;15.576234737557348;20.87744094361563;11.90409218382484;14.950635670189492;12.674332015001452;8.435176616453337;21.508291464952016;23.083907912249238;22.28051896510836;18.647409225074835;25.005564451688674;20.037587683517184;24.616753106577594;19.085922805075747
25;4.214403313242884;11.529604550976016;28.10857649556252;14.77945392710718;26.403792252178306;16.49675008796887;29.825687809850628;34.92464630294098;10.290819333324528;13.872691902254122;19.851048273616055;20.116481451021183;26.80999320505848;14.866451537251047;23.619845986356655;15.572898878076924;16.00728025379328;20.385319974690436;25.151037691562696;14.556370971809566;9.016999786115532;15.664412412220557;11.858979474524805;28.168970483615997;26.263963490871234;6.888003392824345;17.94981976582229;22.164281288439174;18.539124770121333;18.94206737459242;17.920966008208246;14.890194284966022;15.927954892336327;16.440728774886995;10.946905424428678;11.791318117415411;8.117782650538317;21.611671064651457;24.348639562816;23.17424713201445;16.433382774965324;25.047282046993978;18.614507803222832;23.893508772315695;16.452724572837663
26;3.9220734819089698;10.949303579445553;27.17470156701362;14.071591443030487;23.353561102577856;14.788706022201403;30.06916301023458;35.013108158158104;8.69400644238329;14.743784462313156;21.101189501446612;21.045736453796756;23.640923716518483;16.698197724782165;24.31915625269537;17.09100301722822;17.412524583483304;22.84513242157799;23.94264467650654;16.32819883754611;10.012695542276262;14.906339836997493;12.409207297027177;28.358191048469898;24.340853584922797;7.527932217829833;18.842963558613192;25.670810505254426;21.66209582219238;21.251677209905875;17.50735212527473;15.257425140434592;17.188943912728334;14.84397605836977;12.394307057768513;11.883001827064358;7.674387056890394;19.392450483038672;21.77465255197896;22.768939860528185;15.054756442635743;21.950754908079702;18.821698438628868;22.667867013219333;17.678761350714257
27;4.297605362367876;11.376520576455647;28.043456182529507;15.297633002485126;24.549371237379976;16.026428700565162;29.876624296150744;35.05392583746701;9.712008515338654;13.005995431894432;21.814241958277968;23.35192977647106;22.875850600335514;18.237010806575256;26.667544206535048;16.22351452015622;18.53708630476167;25.270755938491142;27.51773416341044;20.0742472552969;11.34858620033959;16.539925021156154;15.594008118709294;25.92605043620564;26.008107456345336;8.939811787200636;20.93914382538387;22.982141466175733;20.871721850368303;22.475053873544816;17.0457122305492;15.786681113331788;19.69033461416213;14.630624227852959;13.751355933616743;10.339606028417844;6.946991748914365;20.601364073782033;22.629183512570357;26.562504165760853;16.90899160523256;24.440414227634147;20.399378011597417;21.894126875095026;18.519989147877737
28;3.6076634760965605;11.660320542855363;24.731016456560933;13.3196413293616;23.98688552280047;17.477870466693616;25.291543614472257;34.88362224132511;9.719914496279678;12.51148837889882;22.35908893642649;20.919491927643715;22.27777354294264;16.89077847968646;23.339194577070245;16.856162935890143;17.65901954368121;20.893062101270242;23.749525706632127;18.800539613023346;10.638396396238269;15.89862267938884;11.372657523832626;25.397263014223366;23.149432634886793;10.13224968082813;21.58359164475213;23.164152975439418;20.59114411837441;19.30951900405013;16.994821227598152;12.370373761281432;17.614855055002803;14.593713282028054;12.20672075104812;11.805880592568323;7.7210769413298435;21.057620038442483;24.484576783024515;23.458008092727408;17.770921068297817;22.487703329211392;19.0108720851035;21.46213605977307;18.01079423563478
29;3.7294827214657307;12.0349207797511;24.81375940617003;13.343878560845749;25.40240949230828;17.748630223682277;24.388709927146195;35.04112402927707;9.44234327911586;13.759652250907124;24.3116176797905;23.423190339685537;21.98112267275206;15.937966644610732;22.341938364402935;22.127194097756224;17.218501478180436;21.393067084413193;21.813007240350046;21.385326438051848;10.028737973996273;16.0045574648976;12.557855639903801;23.88527705710392;21.6872959265383;9.468433440755328;17.888445536400223;28.512191719075442;21.148905881772485;19.71998085495556;16.164119647196827;13.933300049112571;16.86122349405174;14.42689637371544;9.57312626549293;12.623883903291238;7.928232929754038;22.401894879635936;21.471726233380824;26.638460362803695;18.80344364509156;25.181798488158787;17.40899459933195;22.13566054702116;17.565286035835666
30;4.990596613021735;12.565215562314341;30.460016370041803;12.34488078354732;24.557121290084144;16.32620556727326;26.581269508605693;31.777095554464413;9.027460880489883;13.55854481938343;23.083619499263413;23.62496913133591;24.54440954253193;16.45978542717782;24.37649929806622;24.12650999533986;18.465186675430985;21.178637004986232;22.01229209749344;19.03658014683102;9.044372822458815;15.723456396892466;12.868972916206534;28.050151996742223;24.696741080295602;8.198030653432976;19.125921592517063;27.90889191831311;20.513991900834387;24.41991734813527;15.237169130916929;12.973956250181304;15.389731697409204;13.926794346806501;9.614482737090006;11.329956948636172;7.470194070408863;23.905169674567983;20.163124170254203;26.640918058881525;18.453500509195173;24.41794004376404;19.19200814958426;21.29557366686373;18.915668743342344
31;3.7147107729474085;12.608510508401267;25.532152181587136;13.146392484336323;23.86080624658064;16.599466430342655;27.554215165608653;23.935858474687127;8.75447022776436;14.441807507420753;21.446152500841926;21.76971575908306;20.420095861806246;17.694034519265664;25.80330830816943;19.011286321639272;19.07415336104;21.55021674034413;20.176303885216353;18.097245087607956;8.926585874737524;13.475020777253397;13.68161611385991;25.345905668590873;22.6985190886846;8.397133432085518;17.981207760752213;29.283319796847877;20.827560872131738;26.313605914162903;15.836224375816494;14.923755049079329;19.79642787443966;14.084647767075792;9.281494699576562;10.544142295199379;6.024799202188067;20.46923563082201;22.866987439393313;21.34851279972277;16.251829622121054;25.081116710798707;16.59425375179337;22.80814308062388;18.259337977394186
32;4.166687631209236;13.126497255387667;27.225245398575744;13.646562324289285;24.693360519661155;17.2159337730282;29.904404453449278;23.894126106740764;9.878647065747142;15.24069107169002;25.091669660808392;20.0240181589449;21.186256866194707;17.893596671370823;26.488612463748844;17.84817891502515;19.89327895087732;21.91587819520946;24.371168108869885;21.87376221576335;9.681183618258524;13.406920988033244;11.237436942204338;29.687375783530257;24.91062313685657;9.226058981568297;21.936483836326364;32.02462422448583;24.192034081940232;24.05431174151316;17.28451851090108;16.380887310905972;19.210213337600766;14.471599079756938;10.275261376489498;11.129246860304006;6.048248542146018;21.49386158062297;22.58500239380243;21.39755814676158;18.500225575225375;26.817095018456282;19.25053276494767;22.181490554936957;22.174867609493003
33;3.9448171980424247;14.299882833293617;26.83012079407448;13.103075468163466;25.318789619384408;18.978964280698605;30.57026972041091;23.143085733271707;9.506486661694499;17.16610380031934;24.984647301299432;20.877927621814504;21.396569663698063;19.839365167373206;27.83089156802842;17.262736539830563;21.37966885937739;26.294553860632856;25.31276707437892;22.334240352354485;11.595992330380614;15.708462323509579;12.530600124725186;27.640719497181305;20.946155905091274;9.199304827821173;21.41883676002092;26.565529845765752;23.75175556282135;21.8572964497781;19.57254142028057;18.53702828420327;19.092269278374733;15.083688052226595;11.587366980914274;13.15673893619446;7.368492487386584;20.635825754937766;23.912710461421145;24.03227753181048;18.175392071141328;25.78512353058866;18.680731193019554;22.56592067079934;22.19091254181131
34;4.9952082864087135;16.141876805032;32.565459565679504;15.674724436259588;26.75597881284757;18.097306975777354;32.22432590560245;22.9554624841282;10.026867029745528;18.799420251823612;22.33667232045801;21.077725946379648;21.916995101196523;18.819010274873584;26.72784330389429;17.033640239493213;25.468021340928697;24.063144751006764;24.469715245432013;20.881523064061426;12.11121991882445;17.317865033154618;13.83345387007087;29.433251448983427;22.425671432747087;9.276508251969622;20.8858088494087;31.441288837829372;24.98956756959289;23.631228833276747;22.24104616072365;14.88190656111518;20.508736106876924;19.663453284607858;12.083635955186523;13.33153606425959;7.949888900094024;22.01102063238651;24.888354048879293;22.790740523397268;19.23311143596295;28.462852939793148;20.697371012724787;26.703557631296952;21.649386307953716
35;4.724530908308955;14.474485603590129;32.193606862650775;16.917766284920262;26.934610637676442;19.587336082896616;32.442681414477576;22.622470272274047;10.449292784798569;20.357499384004388;24.614987685674507;23.264808457732556;23.07372567516527;18.486296659561987;28.7015306298147;19.46078602572946;24.646382729394055;25.012200911003923;27.70905557758952;23.48304166228114;11.514325404164833;17.548254895168277;14.066704889677784;34.50317756556642;24.459170584373275;10.410818311355017;23.381722426582808;32.32430169119678;24.246066674164897;25.896831320422393;22.87177954619834;15.09759179176828;22.023682687181033;18.592218093667963;13.953031980749358;13.826026102814145;8.636946720182035;23.936737556801567;32.116658028289;22.68175302394245;18.25137562744042;29.37865226431876;22.025611743750495;27.556054197670775;23.452409814941095
36;4.636041440472244;13.4031767701214;31.398310617710777;15.61067372605264;29.036643657325616;21.28051807224026;33.769994074554255;22.528043613430555;10.40854494360777;20.549703512061452;24.56353385766466;26.65476484555429;24.8293860677346;19.692338926618223;31.062573896225626;22.243288479388976;24.304599214544123;27.89960415752601;27.374125557353885;27.17209022216262;10.91377532992067;18.28000317993035;14.77519830677604;36.00165231207113;26.34442740393214;11.509281032818986;24.839239303565634;34.561021131906834;23.627510487305102;30.947134333341886;26.27487912751974;14.936618631796389;22.083998530026253;20.262456151223503;11.90835636858218;14.861912283586006;8.57756746976941;25.87279321055079;34.77538305997164;26.086709435670265;19.418496210059203;31.37977153015154;23.15445292293058;27.745082384769415;25.404948183927072
37;5.267511039810582;16.827271181623725;35.6862667715966;19.8680920665605;35.923220878116254;22.701386677350698;36.84288214622949;22.623270354705227;12.200125492838403;21.019669460518475;27.05832124689888;26.78723730726681;25.735423366430073;20.16158286342718;25.64523137481192;23.32552680033401;25.71272404605444;30.688397294783147;31.399871347971064;25.423795176266665;10.910717448378028;19.12218740466325;15.807883580211527;36.643640078013405;28.317097602984266;12.563556167280906;27.5999405648404;38.44218082479922;26.913065263622098;33.10427114914097;24.146406999807876;15.319678408085005;21.360227027307012;20.248045147642635;17.03505529324848;14.190878527366714;11.681653354366501;25.830675933838275;33.294436371410676;25.573250131074676;19.647482543108776;29.503173458526692;23.83860717244537;30.454910018301717;26.84881127817195
38;4.503546766056191;17.235016864311113;32.09456749538786;20.92429514832333;35.11841377051702;21.732193073901588;38.20374322740608;23.41681427116269;11.95046008446304;21.96918289071985;34.02432372714699;25.955885207591727;26.49226293602635;22.932884363561236;27.519525741032343;25.736857262284907;25.019545522351915;35.02882322523656;35.84562490010295;25.721159202067334;13.439352181502903;21.28107775127423;18.340943471407705;38.213281250539524;33.04756153319031;11.93647021265745;28.515433205103115;38.68711945703323;25.562623176231497;30.70075058418467;21.06107829651473;16.399205190989825;24.367578695344267;20.086557924831467;17.516555722632514;14.669317135528562;12.043352110857342;27.54563081011769;35.253601401442744;30.7323508865019;22.403430831684908;31.47278924503573;23.495305045556634;32.22078700607917;25.300790537424188
39;4.457950556636567;14.591142559003442;31.662956069717808;19.6403372786654;29.717830833790625;21.890986921439225;40.281277335847214;23.903628912407125;12.724348439995268;18.429873865704874;31.178961732407007;26.271366296686104;26.701294244046185;25.739738561248494;30.157799734641287;25.38808809278823;22.332164521628776;34.59567363931562;43.66546797519175;24.674924524339772;11.927138280874328;23.892359652839758;18.272114757552476;43.66347035704662;31.146894137276497;11.081700874239582;27.111477450294363;36.962627368703636;23.446215918614094;25.476815761090972;22.259811022645465;18.91097246186305;24.863577180443492;24.095763474624576;16.206462452653653;16.342928336094104;11.211850586131563;27.715933219935295;38.55101345206023;30.485978483204445;21.629468173044135;30.191276473999213;22.01249297344812;29.248386029879658;25.34420419770442
40;5.827874833912131;16.680476472650945;38.14155719572728;20.86810840384353;38.5569722525983;23.21929358763609;46.22142720060698;23.208602815111572;13.19306763150315;21.215055095163013;32.916145865381274;33.9070616703831;30.800493744884445;28.136832219218462;34.03799984427268;27.042587012246138;26.730489379012724;35.74844656998214;38.18980127471764;31.16869998165381;13.741177819284403;26.66297053417008;18.258570318642565;41.50676927093964;30.701512634604654;11.484352412557735;30.964971116157773;37.03837812386566;24.716923342150704;26.49703608951209;23.109520677074613;20.70591246390879;27.819017219594766;24.686323201824262;20.22654578562538;18.298913388416505;10.467889838964101;28.35486506804697;36.315756459073285;33.5958427609695;24.44072128369624;33.92020974759084;23.66753431016865;32.30255709196665;26.699882669671254
41;5.804066389100724;16.56778422125253;38.1379110469811;19.4654904888791;33.06868409576424;23.289677182271532;43.7619924727786;24.085511597056147;13.802117278019368;21.219333804052255;32.951347265686735;33.65764203730539;27.73027287015625;24.69872067390124;32.03244843068486;23.361983020942613;23.450792321152846;32.49018559956087;35.24718880989647;35.435317248858226;12.116922650461506;26.994836816699184;21.43291403009276;39.44433182278408;31.731554140629832;12.128457214749547;32.29479947550426;37.22450761204312;25.709889455709174;25.544570936287702;24.011528643010156;20.6432096406805;27.036246827238102;24.404094065358308;20.152728949563603;17.35914249509169;12.608830659095688;30.51163605170344;38.730293902528956;34.42381394621438;22.11556277897133;33.67699657602384;24.693556683264486;33.05121347220827;25.335062734442705
42;6.3684469292582815;18.118500657311838;39.30699697669008;18.20588509673679;33.264428835532364;22.79688386934094;41.137892664363015;23.461590360568323;13.255656322851713;20.96204212697138;32.474695713044724;29.421149954032483;27.4738452481217;23.593664422188255;31.622354921449947;24.320068040297972;25.26732678903332;32.18887317983548;30.675966409620486;28.545700489595564;13.028058230904843;23.383737595474795;21.535062669816025;36.017281245950414;32.36109070491944;12.152998773987042;27.901466817106733;34.90070987488279;24.58838200497287;24.999228349094285;21.442217663052737;17.93408926882749;24.93159089116384;24.282051816105227;15.417863526396342;14.188622263879608;13.708644157571282;27.945454314810895;36.83932269280608;35.84909430719483;22.510765202137645;34.25578716343097;24.772838383786876;36.37805700003172;23.801096520861613
43;5.972559051938683;16.590662749211972;36.67599126931213;18.143209958912593;35.72141121054692;20.85989074727363;38.698779209341545;23.068241430867538;12.400885296575547;20.21792009781967;33.10635120461903;25.10662504241771;27.061949256146338;22.31719649690373;30.985792769636543;21.383511533047567;24.423204844449145;28.65711374761391;33.12014377578365;26.02832030594978;13.88140292046278;20.941933991466087;20.902615668645897;33.754272383923464;30.955120313911312;12.09745025329668;25.30358174888529;36.23889379179877;23.253828018326203;23.491501978746573;19.853289819923045;16.705951415703694;24.26052298872672;22.022051992118254;15.334405300212014;13.93317933950775;12.811422824590249;23.65147092132787;39.179320236874595;31.729907004686126;20.539425986980113;31.994985323613616;23.681067780813304;34.482958855640724;22.80380158679083
44;5.2812507058675005;18.135233667324126;33.16710207818739;16.87529236450239;34.18058592440955;21.321317350876825;38.22534635013307;22.813441554458684;11.81140217434338;21.694972385978595;36.56684255271541;21.47987717088538;28.437060483433147;20.425494829914452;34.351036679977334;25.79848395031406;22.342025613945392;29.20297794074132;27.731285810721857;24.565826251602918;10.287871740628814;20.85079590374217;15.183471747814393;30.756591741345034;26.836544615799507;11.875920612589887;23.470625486999978;40.84673437441275;20.63600855410381;23.693199560769475;19.27686019545597;17.813961707893295;23.972764303590534;19.61796054113975;14.890135755535008;12.903428266821097;11.422662623702973;23.203646252303393;40.12534341580595;28.06458723335592;20.058063915852976;31.15609899055164;22.395415794219947;32.65421720717402;19.477423530678095
45;4.393508816042676;17.478388950549018;29.456818733784345;18.022993410344863;37.22460679927;20.446362227326865;35.128746348043386;22.84682854112931;11.666394407456975;21.08614481786462;34.92632951215729;23.352830073873278;25.942167941339534;18.91030596400092;35.29150744275388;24.900454222719056;22.649012449665424;27.5547058567486;24.463562830989233;23.464784884838153;8.949451162445303;20.344946978026485;15.256313025208323;26.444885241112736;26.8525215885309;11.103930422382536;25.603756681489443;39.85455771102814;20.953432920612354;25.699037640249163;16.886035328679824;18.096868549772374;23.30455403341856;17.97624714162533;15.932254156770757;12.432307665088539;9.388318963081604;23.885557821104968;41.07670471885081;26.74599124462715;17.796989969034886;31.756543852548557;20.986816319804767;33.64131111750274;18.580116453286045
46;4.359387876789018;17.232188640845315;29.0890232666748;15.3033253161392;34.228036275360566;18.536008052561222;29.932234158468557;22.432569456064385;10.566356977149944;18.38650340677823;27.2758612081428;21.277416609456303;26.645560395255615;18.05818586125926;28.715875662354968;24.43200535647985;23.55968539439951;23.869430902904995;24.1079544125857;23.48580905445536;9.01961005593411;18.018894334190545;13.302146518790783;24.119408203599743;23.360410528755654;10.499995457097413;22.662840904013525;32.252192941544855;19.921748278650668;25.501246843199787;17.311244336646006;16.648462820891265;22.692607201943776;16.572972091591115;15.177113347905111;12.82654449426397;8.80010885647626;23.287023493168896;31.29712778356728;24.066937660233748;17.630351006347603;25.89406388159265;19.33923148593289;28.171021851037114;18.191857478170938
47;3.18864362739875;15.304371199061261;22.342743584811217;14.310233123826348;25.499805121295783;16.592915291561482;25.507291229678614;22.39759427714119;9.42497808802737;15.30456357642401;19.798409510963086;19.176499772232702;20.991929107313442;14.863305591275736;26.32528949542263;20.25689339481409;19.856521976303995;18.906810617129686;18.880361161837374;19.893052519753173;8.94470922852592;15.366382778396002;11.67097938787845;22.080407255328506;20.07542840519648;10.979067495361203;19.1189780425739;24.41874490795876;17.104738721547317;21.63261115238082;13.838823658639487;16.468682420570293;18.288285293691235;16.46865263438393;12.739078471132428;12.713615962939803;8.733105715715974;20.731790794611754;22.87518974001971;23.27891690873137;15.25164915802509;22.826198211518708;17.486733557004108;22.162589166206086;15.58532945947051
